tmid,date,seq_id,exp_time_cmd,exp_time,filter,Alt,Az,current_mean,current_std,alt_std,az_std,alt_rank,az_rank,electrometer_filename,flag,mount_filename
20241001225119,2024-10-01 22:51:19.424716,1,,0.930306,Empty,88.93654,14.49456,-7.11909e-07,3.5415856618187304e-09,,,1,1,/home/estevesjh/Documents/twilightMonitor/DATA/keysighB2987A/202410/20241001_1.npy,False,/home/estevesjh/Documents/twilightMonitor/DATA/mount/202410/mount_pointing_20241001_1
20241001225123,2024-10-01 22:51:23.791927,2,,0.929796,Empty,80.70189,-0.1094,-7.99111e-07,6.219950884050461e-09,,,2,1,/home/estevesjh/Documents/twilightMonitor/DATA/keysighB2987A/202410/20241001_2.npy,False,/home/estevesjh/Documents/twilightMonitor/DATA/mount/202410/mount_pointing_20241001_2
20241001225128,2024-10-01 22:51:28.197946,3,,0.929905,Empty,70.22856,0.0,-9.91549e-07,1.1847801019598532e-08,,,3,1,/home/estevesjh/Documents/twilightMonitor/DATA/keysighB2987A/202410/20241001_3.npy,False,/home/estevesjh/Documents/twilightMonitor/DATA/mount/202410/mount_pointing_20241001_3
20241001225132,2024-10-01 22:51:32.598968,4,,0.929787,Empty,61.13721,8e-05,-1.335877e-06,2.258670983122595e-08,,,4,1,/home/estevesjh/Documents/twilightMonitor/DATA/keysighB2987A/202410/20241001_4.npy,False,/home/estevesjh/Documents/twilightMonitor/DATA/mount/202410/mount_pointing_20241001_4
20241001225137,2024-10-01 22:51:37.012439,5,,0.930232,Empty,52.18698,0.0,-1.9788e-06,4.2081132826957096e-08,,,5,1,/home/estevesjh/Documents/twilightMonitor/DATA/keysighB2987A/202410/20241001_5.npy,False,/home/estevesjh/Documents/twilightMonitor/DATA/mount/202410/mount_pointing_20241001_5
20241001225141,2024-10-01 22:51:41.207095,6,,0.929155,Empty,41.71776,0.0,-3.10678e-06,9.696473379533409e-08,,,6,1,/home/estevesjh/Documents/twilightMonitor/DATA/keysighB2987A/202410/20241001_6.npy,False,/home/estevesjh/Documents/twilightMonitor/DATA/mount/202410/mount_pointing_20241001_6
20241001225153,2024-10-01 22:51:53.388731,7,11.443371298414233,11.647645,Empty,86.50361,0.0,-1.54143400877193e-06,8.385414883788534e-07,,,0,1,/home/estevesjh/Documents/twilightMonitor/DATA/keysighB2987A/202410/20241001_7.npy,True,/home/estevesjh/Documents/twilightMonitor/DATA/mount/202410/mount_pointing_20241001_7
20241001225206,2024-10-01 22:52:06.110643,8,,0.929298,Empty,81.54106,-29.86091,-6.884439999999999e-07,3.6196386559986717e-09,,,1,2,/home/estevesjh/Documents/twilightMonitor/DATA/keysighB2987A/202410/20241001_8.npy,False,/home/estevesjh/Documents/twilightMonitor/DATA/mount/202410/mount_pointing_20241001_8
20241001225210,2024-10-01 22:52:10.475074,9,,0.929777,Empty,72.43004,-29.86091,-7.931700000000001e-07,6.4074550330064836e-09,,,2,2,/home/estevesjh/Documents/twilightMonitor/DATA/keysighB2987A/202410/20241001_9.npy,False,/home/estevesjh/Documents/twilightMonitor/DATA/mount/202410/mount_pointing_20241001_9
20241001225214,2024-10-01 22:52:14.862257,10,,0.929872,Empty,63.664,-29.86091,-9.79565e-07,1.1673675727893058e-08,,,3,2,/home/estevesjh/Documents/twilightMonitor/DATA/keysighB2987A/202410/20241001_10.npy,False,/home/estevesjh/Documents/twilightMonitor/DATA/mount/202410/mount_pointing_20241001_10
20241001225219,2024-10-01 22:52:19.255555,11,,0.931361,Empty,52.89402,-29.86091,-1.307229e-06,2.080912609890192e-08,,,4,2,/home/estevesjh/Documents/twilightMonitor/DATA/keysighB2987A/202410/20241001_11.npy,False,/home/estevesjh/Documents/twilightMonitor/DATA/mount/202410/mount_pointing_20241001_11
20241001225223,2024-10-01 22:52:23.645639,12,,0.930475,Empty,43.6463,-29.86091,-1.862483e-06,3.6152480426659534e-08,,,5,2,/home/estevesjh/Documents/twilightMonitor/DATA/keysighB2987A/202410/20241001_12.npy,False,/home/estevesjh/Documents/twilightMonitor/DATA/mount/202410/mount_pointing_20241001_12
20241001225227,2024-10-01 22:52:27.837153,13,,0.932127,Empty,35.06499,-29.86091,-2.76093e-06,7.969599801746638e-08,,,6,2,/home/estevesjh/Documents/twilightMonitor/DATA/keysighB2987A/202410/20241001_13.npy,False,/home/estevesjh/Documents/twilightMonitor/DATA/mount/202410/mount_pointing_20241001_13
20241001225242,2024-10-01 22:52:42.708351,14,14.019064394581656,14.344337,Empty,89.7308,-29.86091,-1.2826927357142858e-06,7.29984509958461e-07,,,0,2,/home/estevesjh/Documents/twilightMonitor/DATA/keysighB2987A/202410/20241001_14.npy,True,/home/estevesjh/Documents/twilightMonitor/DATA/mount/202410/mount_pointing_20241001_14
20241001225255,2024-10-01 22:52:55.417281,15,,0.929663,Empty,86.31308,-59.48907,-5.633359999999999e-07,9.780613477691601e-10,,,1,3,/home/estevesjh/Documents/twilightMonitor/DATA/keysighB2987A/202410/20241001_15.npy,False,/home/estevesjh/Documents/twilightMonitor/DATA/mount/202410/mount_pointing_20241001_15
20241001225259,2024-10-01 22:52:59.774797,16,,0.93073,Empty,77.30232,-59.48907,-5.99671e-07,2.462236584895924e-09,,,2,3,/home/estevesjh/Documents/twilightMonitor/DATA/keysighB2987A/202410/20241001_16.npy,False,/home/estevesjh/Documents/twilightMonitor/DATA/mount/202410/mount_pointing_20241001_16
20241001225304,2024-10-01 22:53:04.173082,17,,0.929874,Empty,67.26477,-59.48907,-6.598659999999999e-07,3.1591429217431633e-09,,,3,3,/home/estevesjh/Documents/twilightMonitor/DATA/keysighB2987A/202410/20241001_17.npy,False,/home/estevesjh/Documents/twilightMonitor/DATA/mount/202410/mount_pointing_20241001_17
20241001225308,2024-10-01 22:53:08.566350,18,,0.929222,Empty,58.19766,-59.48907,-7.553640000000001e-07,5.760232981399282e-09,,,4,3,/home/estevesjh/Documents/twilightMonitor/DATA/keysighB2987A/202410/20241001_18.npy,False,/home/estevesjh/Documents/twilightMonitor/DATA/mount/202410/mount_pointing_20241001_18
20241001225312,2024-10-01 22:53:12.960149,19,,0.931925,Empty,49.28662,-59.48907,-9.09942e-07,9.52890109089186e-09,,,5,3,/home/estevesjh/Documents/twilightMonitor/DATA/keysighB2987A/202410/20241001_19.npy,False,/home/estevesjh/Documents/twilightMonitor/DATA/mount/202410/mount_pointing_20241001_19
20241001225317,2024-10-01 22:53:17.354306,20,,0.929333,Empty,38.71478,-59.48907,-1.150045e-06,1.4824204025849088e-08,,,6,3,/home/estevesjh/Documents/twilightMonitor/DATA/keysighB2987A/202410/20241001_20.npy,False,/home/estevesjh/Documents/twilightMonitor/DATA/mount/202410/mount_pointing_20241001_20
20241001225331,2024-10-01 22:53:31.122484,21,12.951112848323463,13.218229,Empty,87.51453,-59.48907,-7.309707906976744e-07,2.1290379637840206e-07,,,0,3,/home/estevesjh/Documents/twilightMonitor/DATA/keysighB2987A/202410/20241001_21.npy,True,/home/estevesjh/Documents/twilightMonitor/DATA/mount/202410/mount_pointing_20241001_21
20241001225343,2024-10-01 22:53:43.834043,22,,0.929889,Empty,86.97751,-88.96017,-4.869109999999999e-07,3.4915469350991913e-10,,,1,4,/home/estevesjh/Documents/twilightMonitor/DATA/keysighB2987A/202410/20241001_22.npy,False,/home/estevesjh/Documents/twilightMonitor/DATA/mount/202410/mount_pointing_20241001_22
20241001225348,2024-10-01 22:53:48.189779,23,,0.929453,Empty,76.57378,-88.96017,-4.901800000000001e-07,5.017569132558178e-10,,,2,4,/home/estevesjh/Documents/twilightMonitor/DATA/keysighB2987A/202410/20241001_23.npy,False,/home/estevesjh/Documents/twilightMonitor/DATA/mount/202410/mount_pointing_20241001_23
20241001225352,2024-10-01 22:53:52.597496,24,,0.930052,Empty,67.5547,-88.96017,-5.08991e-07,9.896105294508538e-10,,,3,4,/home/estevesjh/Documents/twilightMonitor/DATA/keysighB2987A/202410/20241001_24.npy,False,/home/estevesjh/Documents/twilightMonitor/DATA/mount/202410/mount_pointing_20241001_24
20241001225356,2024-10-01 22:53:56.988967,25,,0.929672,Empty,58.84646,-88.96017,-5.43963e-07,2.2023625950328927e-09,,,4,4,/home/estevesjh/Documents/twilightMonitor/DATA/keysighB2987A/202410/20241001_25.npy,False,/home/estevesjh/Documents/twilightMonitor/DATA/mount/202410/mount_pointing_20241001_25
20241001225401,2024-10-01 22:54:01.381125,26,,0.930438,Empty,48.32997,-88.96017,-6.06514e-07,3.9051714430995205e-09,,,5,4,/home/estevesjh/Documents/twilightMonitor/DATA/keysighB2987A/202410/20241001_26.npy,False,/home/estevesjh/Documents/twilightMonitor/DATA/mount/202410/mount_pointing_20241001_26
20241001225405,2024-10-01 22:54:05.786033,27,,0.929174,Empty,39.27895,-88.96017,-7.08661e-07,6.293463990522236e-09,,,6,4,/home/estevesjh/Documents/twilightMonitor/DATA/keysighB2987A/202410/20241001_27.npy,False,/home/estevesjh/Documents/twilightMonitor/DATA/mount/202410/mount_pointing_20241001_27
20241001225419,2024-10-01 22:54:19.539531,28,12.90313636691547,13.207143,Empty,89.78486,-88.96017,-5.25953457364341e-07,8.875353313862647e-08,,,0,4,/home/estevesjh/Documents/twilightMonitor/DATA/keysighB2987A/202410/20241001_28.npy,True,/home/estevesjh/Documents/twilightMonitor/DATA/mount/202410/mount_pointing_20241001_28
20241001225432,2024-10-01 22:54:32.249120,29,,0.929584,Empty,85.92518,-118.22779,-4.17746e-07,1.084852063647385e-09,,,1,5,/home/estevesjh/Documents/twilightMonitor/DATA/keysighB2987A/202410/20241001_29.npy,False,/home/estevesjh/Documents/twilightMonitor/DATA/mount/202410/mount_pointing_20241001_29
20241001225436,2024-10-01 22:54:36.604151,30,,0.929172,Empty,77.04478,-118.22787,-4.081920000000001e-07,8.29216497665117e-11,,,2,5,/home/estevesjh/Documents/twilightMonitor/DATA/keysighB2987A/202410/20241001_30.npy,False,/home/estevesjh/Documents/twilightMonitor/DATA/mount/202410/mount_pointing_20241001_30
20241001225441,2024-10-01 22:54:41.011690,31,,0.929652,Empty,67.96167,-118.22787,-4.18997e-07,8.47113333621895e-10,,,3,5,/home/estevesjh/Documents/twilightMonitor/DATA/keysighB2987A/202410/20241001_31.npy,False,/home/estevesjh/Documents/twilightMonitor/DATA/mount/202410/mount_pointing_20241001_31
20241001225445,2024-10-01 22:54:45.402911,32,,0.92942,Empty,57.37024,-118.22787,-4.4976e-07,1.9742238981432776e-09,,,4,5,/home/estevesjh/Documents/twilightMonitor/DATA/keysighB2987A/202410/20241001_32.npy,False,/home/estevesjh/Documents/twilightMonitor/DATA/mount/202410/mount_pointing_20241001_32
20241001225449,2024-10-01 22:54:49.796903,33,,0.931138,Empty,48.2365,-118.22787,-5.04515e-07,3.257530506380545e-09,,,5,5,/home/estevesjh/Documents/twilightMonitor/DATA/keysighB2987A/202410/20241001_33.npy,False,/home/estevesjh/Documents/twilightMonitor/DATA/mount/202410/mount_pointing_20241001_33
20241001225454,2024-10-01 22:54:54.201490,34,,0.929673,Empty,37.86807,-118.22787,-5.892520000000001e-07,4.995061160786724e-09,,,6,5,/home/estevesjh/Documents/twilightMonitor/DATA/keysighB2987A/202410/20241001_34.npy,False,/home/estevesjh/Documents/twilightMonitor/DATA/mount/202410/mount_pointing_20241001_34
20241001225507,2024-10-01 22:55:07.956092,35,12.964924642503592,13.207833,Empty,88.67459,-118.22787,-4.357141317829458e-07,7.270410439608549e-08,,,0,5,/home/estevesjh/Documents/twilightMonitor/DATA/keysighB2987A/202410/20241001_35.npy,True,/home/estevesjh/Documents/twilightMonitor/DATA/mount/202410/mount_pointing_20241001_35
20241001225520,2024-10-01 22:55:20.669821,36,,0.92996,Empty,86.37171,-147.46508,-3.57078e-07,1.3026419308466852e-09,,,1,6,/home/estevesjh/Documents/twilightMonitor/DATA/keysighB2987A/202410/20241001_36.npy,False,/home/estevesjh/Documents/twilightMonitor/DATA/mount/202410/mount_pointing_20241001_36
20241001225525,2024-10-01 22:55:25.024645,37,,0.929367,Empty,77.68473,-147.46508,-3.46482e-07,5.5821142947808175e-11,,,2,6,/home/estevesjh/Documents/twilightMonitor/DATA/keysighB2987A/202410/20241001_37.npy,False,/home/estevesjh/Documents/twilightMonitor/DATA/mount/202410/mount_pointing_20241001_37
20241001225529,2024-10-01 22:55:29.432213,38,,0.931051,Empty,66.89165,-147.46508,-3.60436e-07,1.0177150878315515e-09,,,3,6,/home/estevesjh/Documents/twilightMonitor/DATA/keysighB2987A/202410/20241001_38.npy,False,/home/estevesjh/Documents/twilightMonitor/DATA/mount/202410/mount_pointing_20241001_38
20241001225533,2024-10-01 22:55:33.825644,39,,0.929599,Empty,57.91901,-147.46508,-3.96429e-07,2.270063655495153e-09,,,4,6,/home/estevesjh/Documents/twilightMonitor/DATA/keysighB2987A/202410/20241001_39.npy,False,/home/estevesjh/Documents/twilightMonitor/DATA/mount/202410/mount_pointing_20241001_39
20241001225538,2024-10-01 22:55:38.217302,40,,0.929817,Empty,47.56773,-147.46508,-4.56151e-07,3.515623557777482e-09,,,5,6,/home/estevesjh/Documents/twilightMonitor/DATA/keysighB2987A/202410/20241001_40.npy,False,/home/estevesjh/Documents/twilightMonitor/DATA/mount/202410/mount_pointing_20241001_40
20241001225542,2024-10-01 22:55:42.623802,41,,0.929487,Empty,38.41844,-147.46508,-5.41714e-07,4.947474507261251e-09,,,6,6,/home/estevesjh/Documents/twilightMonitor/DATA/keysighB2987A/202410/20241001_41.npy,False,/home/estevesjh/Documents/twilightMonitor/DATA/mount/202410/mount_pointing_20241001_41
20241001225556,2024-10-01 22:55:56.357803,42,12.98385470534799,13.208364,Empty,89.03024,-147.46508,-3.819228062015504e-07,7.713558814333536e-08,,,0,6,/home/estevesjh/Documents/twilightMonitor/DATA/keysighB2987A/202410/20241001_42.npy,True,/home/estevesjh/Documents/twilightMonitor/DATA/mount/202410/mount_pointing_20241001_42
20241001225609,2024-10-01 22:56:09.068086,43,,0.929724,Empty,85.06459,-177.04733,-3.02413e-07,9.21662085582355e-10,,,1,7,/home/estevesjh/Documents/twilightMonitor/DATA/keysighB2987A/202410/20241001_43.npy,False,/home/estevesjh/Documents/twilightMonitor/DATA/mount/202410/mount_pointing_20241001_43
20241001225613,2024-10-01 22:56:13.422192,44,,0.930368,Empty,74.46569,-177.04733,-2.9745500000000004e-07,2.1606711920142167e-10,,,2,7,/home/estevesjh/Documents/twilightMonitor/DATA/keysighB2987A/202410/20241001_44.npy,False,/home/estevesjh/Documents/twilightMonitor/DATA/mount/202410/mount_pointing_20241001_44
20241001225617,2024-10-01 22:56:17.828769,45,,0.929795,Empty,65.40095,-177.04733,-3.14988e-07,1.270281858486524e-09,,,3,7,/home/estevesjh/Documents/twilightMonitor/DATA/keysighB2987A/202410/20241001_45.npy,False,/home/estevesjh/Documents/twilightMonitor/DATA/mount/202410/mount_pointing_20241001_45
20241001225622,2024-10-01 22:56:22.223401,46,,0.930077,Empty,54.7743,-177.04733,-3.53388e-07,2.282309356770013e-09,,,4,7,/home/estevesjh/Documents/twilightMonitor/DATA/keysighB2987A/202410/20241001_46.npy,False,/home/estevesjh/Documents/twilightMonitor/DATA/mount/202410/mount_pointing_20241001_46
20241001225626,2024-10-01 22:56:26.616685,47,,0.929367,Empty,45.56128,-177.04733,-4.12339e-07,3.3214919840336834e-09,,,5,7,/home/estevesjh/Documents/twilightMonitor/DATA/keysighB2987A/202410/20241001_47.npy,False,/home/estevesjh/Documents/twilightMonitor/DATA/mount/202410/mount_pointing_20241001_47
20241001225631,2024-10-01 22:56:31.025107,48,,0.929353,Empty,36.54418,-177.04733,-4.93536e-07,4.4181222255614355e-09,,,6,7,/home/estevesjh/Documents/twilightMonitor/DATA/keysighB2987A/202410/20241001_48.npy,False,/home/estevesjh/Documents/twilightMonitor/DATA/mount/202410/mount_pointing_20241001_48
20241001225645,2024-10-01 22:56:45.266586,49,13.467821110511697,13.714752,Empty,89.53258,-177.04733,-3.351099328358209e-07,7.650156472316437e-08,,,0,7,/home/estevesjh/Documents/twilightMonitor/DATA/keysighB2987A/202410/20241001_49.npy,True,/home/estevesjh/Documents/twilightMonitor/DATA/mount/202410/mount_pointing_20241001_49
20241001225656,2024-10-01 22:56:56.706926,50,,0.9306,Empty,85.23971,-178.55313,-2.59249e-07,7.233180489936598e-10,,,1,7,/home/estevesjh/Documents/twilightMonitor/DATA/keysighB2987A/202410/20241001_50.npy,False,/home/estevesjh/Documents/twilightMonitor/DATA/mount/202410/mount_pointing_20241001_50
20241001225701,2024-10-01 22:57:01.062411,51,,0.929627,Empty,76.37205,-178.55313,-2.52097e-07,7.085901495223582e-11,,,2,7,/home/estevesjh/Documents/twilightMonitor/DATA/keysighB2987A/202410/20241001_51.npy,False,/home/estevesjh/Documents/twilightMonitor/DATA/mount/202410/mount_pointing_20241001_51
20241001225705,2024-10-01 22:57:05.463452,52,,0.929222,Empty,65.68029,-178.55313,-2.63723e-07,9.196743989043123e-10,,,3,7,/home/estevesjh/Documents/twilightMonitor/DATA/keysighB2987A/202410/20241001_52.npy,False,/home/estevesjh/Documents/twilightMonitor/DATA/mount/202410/mount_pointing_20241001_52
20241001225709,2024-10-01 22:57:09.857116,53,,0.929702,Empty,56.41207,-178.55313,-2.92887e-07,1.7879432317609979e-09,,,4,7,/home/estevesjh/Documents/twilightMonitor/DATA/keysighB2987A/202410/20241001_53.npy,False,/home/estevesjh/Documents/twilightMonitor/DATA/mount/202410/mount_pointing_20241001_53
20241001225714,2024-10-01 22:57:14.251098,54,,0.929639,Empty,45.94735,-178.55313,-3.384e-07,2.6316230733142582e-09,,,5,7,/home/estevesjh/Documents/twilightMonitor/DATA/keysighB2987A/202410/20241001_54.npy,False,/home/estevesjh/Documents/twilightMonitor/DATA/mount/202410/mount_pointing_20241001_54
20241001225718,2024-10-01 22:57:18.644584,55,,0.92972,Empty,36.64604,-178.55313,-4.01133e-07,3.508184858299225e-09,,,6,7,/home/estevesjh/Documents/twilightMonitor/DATA/keysighB2987A/202410/20241001_55.npy,False,/home/estevesjh/Documents/twilightMonitor/DATA/mount/202410/mount_pointing_20241001_55
20241001225732,2024-10-01 22:57:32.482161,56,13.09278317512898,13.309871,Empty,88.23133,-178.55313,-2.796617384615385e-07,5.930819544698482e-08,,,0,7,/home/estevesjh/Documents/twilightMonitor/DATA/keysighB2987A/202410/20241001_56.npy,True,/home/estevesjh/Documents/twilightMonitor/DATA/mount/202410/mount_pointing_20241001_56
20241001225737,2024-10-01 22:57:37.723113,57,,0.929474,Empty,81.8682,-178.55313,-2.2194900000000002e-07,4.452516142587247e-10,,,1,6,/home/estevesjh/Documents/twilightMonitor/DATA/keysighB2987A/202410/20241001_57.npy,False,/home/estevesjh/Documents/twilightMonitor/DATA/mount/202410/mount_pointing_20241001_57
20241001225742,2024-10-01 22:57:42.080545,58,,0.930178,Empty,73.50798,-178.55313,-2.22442e-07,3.1396815125104547e-10,,,2,6,/home/estevesjh/Documents/twilightMonitor/DATA/keysighB2987A/202410/20241001_58.npy,True,/home/estevesjh/Documents/twilightMonitor/DATA/mount/202410/mount_pointing_20241001_58
20241001225746,2024-10-01 22:57:46.479660,59,,0.92973,Empty,62.4075,-178.55313,-2.3808200000000005e-07,1.0614499517169876e-09,,,3,6,/home/estevesjh/Documents/twilightMonitor/DATA/keysighB2987A/202410/20241001_59.npy,False,/home/estevesjh/Documents/twilightMonitor/DATA/mount/202410/mount_pointing_20241001_59
20241001225750,2024-10-01 22:57:50.873287,60,,0.929252,Empty,53.63948,-178.55313,-2.67407e-07,1.6940368945214855e-09,,,4,6,/home/estevesjh/Documents/twilightMonitor/DATA/keysighB2987A/202410/20241001_60.npy,False,/home/estevesjh/Documents/twilightMonitor/DATA/mount/202410/mount_pointing_20241001_60
20241001225755,2024-10-01 22:57:55.271050,61,,0.929909,Empty,42.95283,-178.55313,-3.09933e-07,2.4366413359376483e-09,,,5,6,/home/estevesjh/Documents/twilightMonitor/DATA/keysighB2987A/202410/20241001_61.npy,False,/home/estevesjh/Documents/twilightMonitor/DATA/mount/202410/mount_pointing_20241001_61
20241001225759,2024-10-01 22:57:59.663151,62,,0.929566,Empty,33.84364,-178.55313,-3.65185e-07,3.049600793546591e-09,,,6,6,/home/estevesjh/Documents/twilightMonitor/DATA/keysighB2987A/202410/20241001_62.npy,False,/home/estevesjh/Documents/twilightMonitor/DATA/mount/202410/mount_pointing_20241001_62
20241001225814,2024-10-01 22:58:14.430811,63,13.937313575205987,14.241407,Empty,89.69199,-178.55313,-2.464024100719425e-07,5.7251692439413214e-08,,,0,6,/home/estevesjh/Documents/twilightMonitor/DATA/keysighB2987A/202410/20241001_63.npy,True,/home/estevesjh/Documents/twilightMonitor/DATA/mount/202410/mount_pointing_20241001_63
20241001225819,2024-10-01 22:58:19.834891,64,,0.929733,Empty,83.45923,-166.10559,-1.884891e-07,3.8882681234709247e-10,,,1,5,/home/estevesjh/Documents/twilightMonitor/DATA/keysighB2987A/202410/20241001_64.npy,True,/home/estevesjh/Documents/twilightMonitor/DATA/mount/202410/mount_pointing_20241001_64
20241001225824,2024-10-01 22:58:24.445741,65,,0.929545,Empty,73.8031,-145.72103,-1.86389e-07,5.705786536490855e-11,,,2,5,/home/estevesjh/Documents/twilightMonitor/DATA/keysighB2987A/202410/20241001_65.npy,True,/home/estevesjh/Documents/twilightMonitor/DATA/mount/202410/mount_pointing_20241001_65
20241001225829,2024-10-01 22:58:29.082981,66,,0.929252,Empty,65.31495,-129.01798,-1.94464e-07,3.21270602452199e-10,,,3,5,/home/estevesjh/Documents/twilightMonitor/DATA/keysighB2987A/202410/20241001_66.npy,True,/home/estevesjh/Documents/twilightMonitor/DATA/mount/202410/mount_pointing_20241001_66
20241001225833,2024-10-01 22:58:33.732188,67,,0.929906,Empty,55.12348,-108.09563,-2.1357780000000002e-07,1.0930003476669143e-09,,,4,5,/home/estevesjh/Documents/twilightMonitor/DATA/keysighB2987A/202410/20241001_67.npy,True,/home/estevesjh/Documents/twilightMonitor/DATA/mount/202410/mount_pointing_20241001_67
20241001230437,2024-10-01 23:04:37.468751,68,,0.929272,Empty,78.98125,0.0,-4.91247e-08,1.7225855566560348e-10,,,1,1,/home/estevesjh/Documents/twilightMonitor/DATA/keysighB2987A/202410/20241001_68.npy,False,/home/estevesjh/Documents/twilightMonitor/DATA/mount/202410/mount_pointing_20241001_68
20241001230442,2024-10-01 23:04:42.120476,69,,0.91431,Empty,70.93697,0.0,-6.10337e-08,3.060379224867401e-10,,,2,1,/home/estevesjh/Documents/twilightMonitor/DATA/keysighB2987A/202410/20241001_69.npy,False,/home/estevesjh/Documents/twilightMonitor/DATA/mount/202410/mount_pointing_20241001_69
20241001230446,2024-10-01 23:04:46.765515,70,,0.929678,Empty,60.97878,0.0,-8.054940000000001e-08,8.542598199611169e-10,,,3,1,/home/estevesjh/Documents/twilightMonitor/DATA/keysighB2987A/202410/20241001_70.npy,False,/home/estevesjh/Documents/twilightMonitor/DATA/mount/202410/mount_pointing_20241001_70
20241001230451,2024-10-01 23:04:51.426456,71,,0.930029,Empty,51.3132,0.0,-1.220075e-07,1.7471541574801035e-09,,,4,1,/home/estevesjh/Documents/twilightMonitor/DATA/keysighB2987A/202410/20241001_71.npy,False,/home/estevesjh/Documents/twilightMonitor/DATA/mount/202410/mount_pointing_20241001_71
20241001230456,2024-10-01 23:04:56.031479,72,,0.944543,Empty,43.1756,0.0,-1.975543e-07,3.166956269038145e-09,,,5,1,/home/estevesjh/Documents/twilightMonitor/DATA/keysighB2987A/202410/20241001_72.npy,False,/home/estevesjh/Documents/twilightMonitor/DATA/mount/202410/mount_pointing_20241001_72
20241001230500,2024-10-01 23:05:00.415002,73,,0.931594,Empty,33.55363,0.0,-3.48331e-07,1.1450906907315236e-08,,,6,1,/home/estevesjh/Documents/twilightMonitor/DATA/keysighB2987A/202410/20241001_73.npy,False,/home/estevesjh/Documents/twilightMonitor/DATA/mount/202410/mount_pointing_20241001_73
20241001230516,2024-10-01 23:05:16.938817,74,15.61565584400805,15.990919000000002,Empty,84.61928,0.0,-1.0916085064102569e-07,9.63438837804053e-08,,,0,1,/home/estevesjh/Documents/twilightMonitor/DATA/keysighB2987A/202410/20241001_74.npy,True,/home/estevesjh/Documents/twilightMonitor/DATA/mount/202410/mount_pointing_20241001_74
20241001230529,2024-10-01 23:05:29.907693,75,,0.930087,Empty,86.62246,-29.45502,-2.97382e-08,1.6678129391510843e-11,,,1,2,/home/estevesjh/Documents/twilightMonitor/DATA/keysighB2987A/202410/20241001_75.npy,False,/home/estevesjh/Documents/twilightMonitor/DATA/mount/202410/mount_pointing_20241001_75
20241001230534,2024-10-01 23:05:34.520951,76,,0.929207,Empty,83.55308,-29.45502,-3.20347e-08,9.62788138688884e-11,,,2,2,/home/estevesjh/Documents/twilightMonitor/DATA/keysighB2987A/202410/20241001_76.npy,False,/home/estevesjh/Documents/twilightMonitor/DATA/mount/202410/mount_pointing_20241001_76
20241001230539,2024-10-01 23:05:39.163593,77,,0.929209,Empty,73.81629,-29.45502,-3.8104e-08,2.1717826778939108e-10,,,3,2,/home/estevesjh/Documents/twilightMonitor/DATA/keysighB2987A/202410/20241001_77.npy,False,/home/estevesjh/Documents/twilightMonitor/DATA/mount/202410/mount_pointing_20241001_77
20241001230543,2024-10-01 23:05:43.812162,78,,0.929159,Empty,64.5242,-29.45502,-4.59943e-08,2.467006485601537e-10,,,4,2,/home/estevesjh/Documents/twilightMonitor/DATA/keysighB2987A/202410/20241001_78.npy,False,/home/estevesjh/Documents/twilightMonitor/DATA/mount/202410/mount_pointing_20241001_78
20241001230548,2024-10-01 23:05:48.464634,79,,0.929843,Empty,54.5741,-29.45502,-6.092690000000002e-08,5.834280504055347e-10,,,5,2,/home/estevesjh/Documents/twilightMonitor/DATA/keysighB2987A/202410/20241001_79.npy,False,/home/estevesjh/Documents/twilightMonitor/DATA/mount/202410/mount_pointing_20241001_79
20241001230553,2024-10-01 23:05:53.113104,80,,0.92946,Empty,46.17972,-29.45502,-8.9321e-08,1.0678160890340622e-09,,,6,2,/home/estevesjh/Documents/twilightMonitor/DATA/keysighB2987A/202410/20241001_80.npy,False,/home/estevesjh/Documents/twilightMonitor/DATA/mount/202410/mount_pointing_20241001_80
20241001230606,2024-10-01 23:06:06.219514,81,12.317494840746916,12.581578,Empty,84.27834,-29.45502,-4.535286504065041e-08,2.0466338115009328e-08,,,0,2,/home/estevesjh/Documents/twilightMonitor/DATA/keysighB2987A/202410/20241001_81.npy,True,/home/estevesjh/Documents/twilightMonitor/DATA/mount/202410/mount_pointing_20241001_81
20241001231036,2024-10-01 23:10:36.646544,82,,0.92703,Empty,79.03706,0.0,-9.02385e-09,1.2969830376685442e-11,,,1,1,/home/estevesjh/Documents/twilightMonitor/DATA/keysighB2987A/202410/20241001_82.npy,False,/home/estevesjh/Documents/twilightMonitor/DATA/mount/202410/mount_pointing_20241001_82
20241001231041,2024-10-01 23:10:41.532604,83,,0.935052,Empty,69.40487,0.0,-1.1523679999999998e-08,3.128622060907941e-11,,,2,1,/home/estevesjh/Documents/twilightMonitor/DATA/keysighB2987A/202410/20241001_83.npy,False,/home/estevesjh/Documents/twilightMonitor/DATA/mount/202410/mount_pointing_20241001_83
20241001231046,2024-10-01 23:10:46.384798,84,,0.929565,Empty,59.87705,0.0,-1.406671e-08,6.076425676333077e-11,,,3,1,/home/estevesjh/Documents/twilightMonitor/DATA/keysighB2987A/202410/20241001_84.npy,False,/home/estevesjh/Documents/twilightMonitor/DATA/mount/202410/mount_pointing_20241001_84
20241001231051,2024-10-01 23:10:51.241501,85,,0.928988,Empty,50.31996,0.0,-2.004175e-08,1.7125540721390392e-10,,,4,1,/home/estevesjh/Documents/twilightMonitor/DATA/keysighB2987A/202410/20241001_85.npy,False,/home/estevesjh/Documents/twilightMonitor/DATA/mount/202410/mount_pointing_20241001_85
20241001231055,2024-10-01 23:10:55.901278,86,,0.929408,Empty,41.60416,0.0,-3.1280399999999995e-08,3.5213383819224195e-10,,,5,1,/home/estevesjh/Documents/twilightMonitor/DATA/keysighB2987A/202410/20241001_86.npy,False,/home/estevesjh/Documents/twilightMonitor/DATA/mount/202410/mount_pointing_20241001_86
20241001231100,2024-10-01 23:11:00.546216,87,,0.929623,Empty,31.84679,0.0,-5.33493e-08,1.1516117444694635e-09,,,6,1,/home/estevesjh/Documents/twilightMonitor/DATA/keysighB2987A/202410/20241001_87.npy,False,/home/estevesjh/Documents/twilightMonitor/DATA/mount/202410/mount_pointing_20241001_87
20241001231114,2024-10-01 23:11:14.102856,88,12.733664056191245,13.027234,Empty,79.70918,0.0,-2.1379539842519683e-08,1.4393830745798837e-08,,,0,1,/home/estevesjh/Documents/twilightMonitor/DATA/keysighB2987A/202410/20241001_88.npy,True,/home/estevesjh/Documents/twilightMonitor/DATA/mount/202410/mount_pointing_20241001_88
20241001231127,2024-10-01 23:11:27.276603,89,,0.929643,Empty,77.60834,-29.7204,-7.271809999999998e-09,1.7698895445761483e-11,,,1,2,/home/estevesjh/Documents/twilightMonitor/DATA/keysighB2987A/202410/20241001_89.npy,False,/home/estevesjh/Documents/twilightMonitor/DATA/mount/202410/mount_pointing_20241001_89
20241001231132,2024-10-01 23:11:32.088363,90,,0.935453,Empty,68.55382,-29.7204,-8.924010000000001e-09,2.2990582854725423e-11,,,2,2,/home/estevesjh/Documents/twilightMonitor/DATA/keysighB2987A/202410/20241001_90.npy,False,/home/estevesjh/Documents/twilightMonitor/DATA/mount/202410/mount_pointing_20241001_90
20241001231136,2024-10-01 23:11:36.957012,91,,0.922914,Empty,58.86894,-29.7204,-1.082209e-08,4.055035018344493e-11,,,3,2,/home/estevesjh/Documents/twilightMonitor/DATA/keysighB2987A/202410/20241001_91.npy,False,/home/estevesjh/Documents/twilightMonitor/DATA/mount/202410/mount_pointing_20241001_91
20241001231141,2024-10-01 23:11:41.812366,92,,0.929572,Empty,49.02496,-29.7204,-1.4754009999999998e-08,9.783970001998183e-11,,,4,2,/home/estevesjh/Documents/twilightMonitor/DATA/keysighB2987A/202410/20241001_92.npy,False,/home/estevesjh/Documents/twilightMonitor/DATA/mount/202410/mount_pointing_20241001_92
20241001231146,2024-10-01 23:11:46.484551,93,,0.925859,Empty,39.68294,-29.7204,-2.298e-08,2.567267029352418e-10,,,5,2,/home/estevesjh/Documents/twilightMonitor/DATA/keysighB2987A/202410/20241001_93.npy,False,/home/estevesjh/Documents/twilightMonitor/DATA/mount/202410/mount_pointing_20241001_93
20241001231151,2024-10-01 23:11:51.133845,94,,0.929799,Empty,31.00054,-29.7204,-3.61549e-08,5.97991379536529e-10,,,6,2,/home/estevesjh/Documents/twilightMonitor/DATA/keysighB2987A/202410/20241001_94.npy,False,/home/estevesjh/Documents/twilightMonitor/DATA/mount/202410/mount_pointing_20241001_94
20241001231205,2024-10-01 23:12:05.091422,95,13.131747150438889,13.430733,Empty,81.04596,-29.7204,-1.5149579694656486e-08,9.644135872136916e-09,,,0,2,/home/estevesjh/Documents/twilightMonitor/DATA/keysighB2987A/202410/20241001_95.npy,True,/home/estevesjh/Documents/twilightMonitor/DATA/mount/202410/mount_pointing_20241001_95
20241001231218,2024-10-01 23:12:18.282200,96,,0.932053,Empty,78.25439,-59.1402,-5.41092e-09,4.708460470259917e-12,,,1,3,/home/estevesjh/Documents/twilightMonitor/DATA/keysighB2987A/202410/20241001_96.npy,False,/home/estevesjh/Documents/twilightMonitor/DATA/mount/202410/mount_pointing_20241001_96
20241001231223,2024-10-01 23:12:23.103655,97,,0.929179,Empty,69.19338,-59.1402,-6.0743e-09,1.0073132581277728e-11,,,2,3,/home/estevesjh/Documents/twilightMonitor/DATA/keysighB2987A/202410/20241001_97.npy,False,/home/estevesjh/Documents/twilightMonitor/DATA/mount/202410/mount_pointing_20241001_97
20241001231227,2024-10-01 23:12:27.954350,98,,0.930023,Empty,59.48846,-59.1402,-7.0934500000000006e-09,1.773190627090037e-11,,,3,3,/home/estevesjh/Documents/twilightMonitor/DATA/keysighB2987A/202410/20241001_98.npy,False,/home/estevesjh/Documents/twilightMonitor/DATA/mount/202410/mount_pointing_20241001_98
20241001231232,2024-10-01 23:12:32.812126,99,,0.929779,Empty,49.64669,-59.1402,-8.635230000000001e-09,3.396592557255018e-11,,,4,3,/home/estevesjh/Documents/twilightMonitor/DATA/keysighB2987A/202410/20241001_99.npy,False,/home/estevesjh/Documents/twilightMonitor/DATA/mount/202410/mount_pointing_20241001_99
20241001231237,2024-10-01 23:12:37.671634,100,,0.929545,Empty,40.25946,-59.1402,-1.122646e-08,4.169830212370788e-11,,,5,3,/home/estevesjh/Documents/twilightMonitor/DATA/keysighB2987A/202410/20241001_100.npy,False,/home/estevesjh/Documents/twilightMonitor/DATA/mount/202410/mount_pointing_20241001_100
20241001231242,2024-10-01 23:12:42.530217,101,,0.929234,Empty,30.66707,-59.1402,-1.5774659999999998e-08,1.026883654558781e-10,,,6,3,/home/estevesjh/Documents/twilightMonitor/DATA/keysighB2987A/202410/20241001_101.npy,False,/home/estevesjh/Documents/twilightMonitor/DATA/mount/202410/mount_pointing_20241001_101
20241001231256,2024-10-01 23:12:56.303970,102,12.95581113114202,13.210102,Empty,83.01109,-59.1402,-8.30460015503876e-09,3.507851475764286e-09,,,0,3,/home/estevesjh/Documents/twilightMonitor/DATA/keysighB2987A/202410/20241001_102.npy,True,/home/estevesjh/Documents/twilightMonitor/DATA/mount/202410/mount_pointing_20241001_102
20241001231309,2024-10-01 23:13:09.482305,103,,0.929883,Empty,77.34013,-88.48978,-4.11827e-09,2.2293721089131722e-12,,,1,4,/home/estevesjh/Documents/twilightMonitor/DATA/keysighB2987A/202410/20241001_103.npy,False,/home/estevesjh/Documents/twilightMonitor/DATA/mount/202410/mount_pointing_20241001_103
20241001231314,2024-10-01 23:13:14.309769,104,,0.934904,Empty,68.01374,-88.48978,-4.2909700000000005e-09,4.314174312658175e-12,,,2,4,/home/estevesjh/Documents/twilightMonitor/DATA/keysighB2987A/202410/20241001_104.npy,False,/home/estevesjh/Documents/twilightMonitor/DATA/mount/202410/mount_pointing_20241001_104
20241001231319,2024-10-01 23:13:19.182372,105,,0.93045,Empty,58.95189,-88.48978,-4.6314e-09,4.757520362541911e-12,,,3,4,/home/estevesjh/Documents/twilightMonitor/DATA/keysighB2987A/202410/20241001_105.npy,False,/home/estevesjh/Documents/twilightMonitor/DATA/mount/202410/mount_pointing_20241001_105
20241001231324,2024-10-01 23:13:24.041258,106,,0.929787,Empty,49.10929,-88.48978,-5.21784e-09,1.110064862969719e-11,,,4,4,/home/estevesjh/Documents/twilightMonitor/DATA/keysighB2987A/202410/20241001_106.npy,False,/home/estevesjh/Documents/twilightMonitor/DATA/mount/202410/mount_pointing_20241001_106
20241001231328,2024-10-01 23:13:28.899536,107,,0.929839,Empty,39.4925,-88.48978,-6.1964899999999996e-09,1.9339878489794083e-11,,,5,4,/home/estevesjh/Documents/twilightMonitor/DATA/keysighB2987A/202410/20241001_107.npy,False,/home/estevesjh/Documents/twilightMonitor/DATA/mount/202410/mount_pointing_20241001_107
20241001231333,2024-10-01 23:13:33.758638,108,,0.929652,Empty,30.07271,-88.48978,-7.70031e-09,2.4774359729365308e-11,,,6,4,/home/estevesjh/Documents/twilightMonitor/DATA/keysighB2987A/202410/20241001_108.npy,False,/home/estevesjh/Documents/twilightMonitor/DATA/mount/202410/mount_pointing_20241001_108
20241001231347,2024-10-01 23:13:47.737925,109,13.140373804152016,13.416184,Empty,82.11727,-88.48978,-4.8971318320610695e-09,1.3243708175541359e-09,,,0,4,/home/estevesjh/Documents/twilightMonitor/DATA/keysighB2987A/202410/20241001_109.npy,True,/home/estevesjh/Documents/twilightMonitor/DATA/mount/202410/mount_pointing_20241001_109
20241001231400,2024-10-01 23:14:00.915010,110,,0.929764,Empty,78.34405,-117.66454,-3.2155700000000003e-09,3.656788208250531e-12,,,1,5,/home/estevesjh/Documents/twilightMonitor/DATA/keysighB2987A/202410/20241001_110.npy,False,/home/estevesjh/Documents/twilightMonitor/DATA/mount/202410/mount_pointing_20241001_110
20241001231405,2024-10-01 23:14:05.736423,111,,0.929251,Empty,68.90391,-117.66454,-3.23808e-09,1.8583863968508265e-12,,,2,5,/home/estevesjh/Documents/twilightMonitor/DATA/keysighB2987A/202410/20241001_111.npy,False,/home/estevesjh/Documents/twilightMonitor/DATA/mount/202410/mount_pointing_20241001_111
20241001231410,2024-10-01 23:14:10.589327,112,,0.929631,Empty,59.30587,-117.66454,-3.40087e-09,2.754287566685805e-12,,,3,5,/home/estevesjh/Documents/twilightMonitor/DATA/keysighB2987A/202410/20241001_112.npy,False,/home/estevesjh/Documents/twilightMonitor/DATA/mount/202410/mount_pointing_20241001_112
20241001231415,2024-10-01 23:14:15.445362,113,,0.929317,Empty,49.8007,-117.66454,-3.72586e-09,6.1213070499689846e-12,,,4,5,/home/estevesjh/Documents/twilightMonitor/DATA/keysighB2987A/202410/20241001_113.npy,False,/home/estevesjh/Documents/twilightMonitor/DATA/mount/202410/mount_pointing_20241001_113
20241001231420,2024-10-01 23:14:20.307833,114,,0.929313,Empty,40.65972,-117.66454,-4.2425899999999995e-09,7.92470188713751e-12,,,5,5,/home/estevesjh/Documents/twilightMonitor/DATA/keysighB2987A/202410/20241001_114.npy,False,/home/estevesjh/Documents/twilightMonitor/DATA/mount/202410/mount_pointing_20241001_114
20241001231425,2024-10-01 23:14:25.165833,115,,0.929456,Empty,31.70407,-117.66454,-5.072940000000001e-09,1.762975893198767e-11,,,6,5,/home/estevesjh/Documents/twilightMonitor/DATA/keysighB2987A/202410/20241001_115.npy,False,/home/estevesjh/Documents/twilightMonitor/DATA/mount/202410/mount_pointing_20241001_115
20241001231438,2024-10-01 23:14:38.939082,116,12.93805685353205,13.209138,Empty,81.02484,-117.66454,-3.5284017054263566e-09,7.434340676438803e-10,,,0,5,/home/estevesjh/Documents/twilightMonitor/DATA/keysighB2987A/202410/20241001_116.npy,True,/home/estevesjh/Documents/twilightMonitor/DATA/mount/202410/mount_pointing_20241001_116
20241001231452,2024-10-01 23:14:52.132313,117,,0.925249,Empty,78.40565,-146.99117,-2.60534e-09,3.110048231137269e-12,,,1,6,/home/estevesjh/Documents/twilightMonitor/DATA/keysighB2987A/202410/20241001_117.npy,False,/home/estevesjh/Documents/twilightMonitor/DATA/mount/202410/mount_pointing_20241001_117
20241001231456,2024-10-01 23:14:56.951781,118,,0.929502,Empty,68.87898,-146.99117,-2.62049e-09,1.5507740002978698e-12,,,2,6,/home/estevesjh/Documents/twilightMonitor/DATA/keysighB2987A/202410/20241001_118.npy,False,/home/estevesjh/Documents/twilightMonitor/DATA/mount/202410/mount_pointing_20241001_118
20241001231501,2024-10-01 23:15:01.806019,119,,0.929383,Empty,59.26768,-146.99117,-2.78195e-09,2.9917386249470576e-12,,,3,6,/home/estevesjh/Documents/twilightMonitor/DATA/keysighB2987A/202410/20241001_119.npy,False,/home/estevesjh/Documents/twilightMonitor/DATA/mount/202410/mount_pointing_20241001_119
20241001231506,2024-10-01 23:15:06.657944,120,,0.934522,Empty,49.93114,-146.99117,-3.08784e-09,4.638792946446334e-12,,,4,6,/home/estevesjh/Documents/twilightMonitor/DATA/keysighB2987A/202410/20241001_120.npy,False,/home/estevesjh/Documents/twilightMonitor/DATA/mount/202410/mount_pointing_20241001_120
20241001231511,2024-10-01 23:15:11.516328,121,,0.930139,Empty,40.43176,-146.99117,-3.59139e-09,8.434862180261124e-12,,,5,6,/home/estevesjh/Documents/twilightMonitor/DATA/keysighB2987A/202410/20241001_121.npy,False,/home/estevesjh/Documents/twilightMonitor/DATA/mount/202410/mount_pointing_20241001_121
20241001231516,2024-10-01 23:15:16.390194,122,,0.929205,Empty,30.99231,-146.99117,-4.35746e-09,1.5017669592849614e-11,,,6,6,/home/estevesjh/Documents/twilightMonitor/DATA/keysighB2987A/202410/20241001_122.npy,False,/home/estevesjh/Documents/twilightMonitor/DATA/mount/202410/mount_pointing_20241001_122
20241001231530,2024-10-01 23:15:30.267807,123,13.037553334349123,13.312355,Empty,84.34802,-146.99117,-2.9327006153846154e-09,6.830506562155873e-10,,,0,6,/home/estevesjh/Documents/twilightMonitor/DATA/keysighB2987A/202410/20241001_123.npy,True,/home/estevesjh/Documents/twilightMonitor/DATA/mount/202410/mount_pointing_20241001_123
20241001231543,2024-10-01 23:15:43.450976,124,,0.929824,Empty,78.90616,-176.83318,-2.16634e-09,5.14921353218143e-12,,,1,7,/home/estevesjh/Documents/twilightMonitor/DATA/keysighB2987A/202410/20241001_124.npy,False,/home/estevesjh/Documents/twilightMonitor/DATA/mount/202410/mount_pointing_20241001_124
20241001231548,2024-10-01 23:15:48.271757,125,,0.929481,Empty,69.5941,-176.83318,-2.1884599999999997e-09,1.1421033228215185e-12,,,2,7,/home/estevesjh/Documents/twilightMonitor/DATA/keysighB2987A/202410/20241001_125.npy,False,/home/estevesjh/Documents/twilightMonitor/DATA/mount/202410/mount_pointing_20241001_125
20241001231553,2024-10-01 23:15:53.134232,126,,0.93228,Empty,60.58836,-176.83318,-2.34031e-09,2.7642177917088614e-12,,,3,7,/home/estevesjh/Documents/twilightMonitor/DATA/keysighB2987A/202410/20241001_126.npy,False,/home/estevesjh/Documents/twilightMonitor/DATA/mount/202410/mount_pointing_20241001_126
20241001231557,2024-10-01 23:15:57.993056,127,,0.929902,Empty,50.86858,-176.83318,-2.62655e-09,5.730314127515115e-12,,,4,7,/home/estevesjh/Documents/twilightMonitor/DATA/keysighB2987A/202410/20241001_127.npy,False,/home/estevesjh/Documents/twilightMonitor/DATA/mount/202410/mount_pointing_20241001_127
20241001231602,2024-10-01 23:16:02.850881,128,,0.930064,Empty,41.58602,-176.83318,-3.05999e-09,8.259473348828005e-12,,,5,7,/home/estevesjh/Documents/twilightMonitor/DATA/keysighB2987A/202410/20241001_128.npy,False,/home/estevesjh/Documents/twilightMonitor/DATA/mount/202410/mount_pointing_20241001_128
20241001231607,2024-10-01 23:16:07.708282,129,,0.929556,Empty,31.98478,-176.83318,-3.7223999999999995e-09,1.2671542921049412e-11,,,6,7,/home/estevesjh/Documents/twilightMonitor/DATA/keysighB2987A/202410/20241001_129.npy,False,/home/estevesjh/Documents/twilightMonitor/DATA/mount/202410/mount_pointing_20241001_129
20241001231621,2024-10-01 23:16:21.382293,130,12.872693651756393,13.110155,Empty,84.06014,-176.83318,-2.48579140625e-09,6.006904356833558e-10,,,0,7,/home/estevesjh/Documents/twilightMonitor/DATA/keysighB2987A/202410/20241001_130.npy,True,/home/estevesjh/Documents/twilightMonitor/DATA/mount/202410/mount_pointing_20241001_130
20241001231633,2024-10-01 23:16:33.832218,131,,0.929416,Empty,79.07785,-178.51913,-1.799237e-09,1.999960249604961e-12,,,1,7,/home/estevesjh/Documents/twilightMonitor/DATA/keysighB2987A/202410/20241001_131.npy,False,/home/estevesjh/Documents/twilightMonitor/DATA/mount/202410/mount_pointing_20241001_131
20241001231638,2024-10-01 23:16:38.947382,132,,0.929473,Empty,70.07257,-178.51913,-1.817028e-09,1.7415843361720488e-12,,,2,7,/home/estevesjh/Documents/twilightMonitor/DATA/keysighB2987A/202410/20241001_132.npy,False,/home/estevesjh/Documents/twilightMonitor/DATA/mount/202410/mount_pointing_20241001_132
20241001231644,2024-10-01 23:16:44.002400,133,,0.929636,Empty,60.6996,-178.51913,-1.9430999999999996e-09,1.404001424500731e-12,,,3,7,/home/estevesjh/Documents/twilightMonitor/DATA/keysighB2987A/202410/20241001_133.npy,False,/home/estevesjh/Documents/twilightMonitor/DATA/mount/202410/mount_pointing_20241001_133
20241001231648,2024-10-01 23:16:48.861158,134,,0.929188,Empty,51.22797,-178.51913,-2.18514e-09,4.293530016198804e-12,,,4,7,/home/estevesjh/Documents/twilightMonitor/DATA/keysighB2987A/202410/20241001_134.npy,False,/home/estevesjh/Documents/twilightMonitor/DATA/mount/202410/mount_pointing_20241001_134
20241001231653,2024-10-01 23:16:53.734884,135,,0.929594,Empty,41.66607,-178.51913,-2.5658100000000003e-09,7.02516191984213e-12,,,5,7,/home/estevesjh/Documents/twilightMonitor/DATA/keysighB2987A/202410/20241001_135.npy,False,/home/estevesjh/Documents/twilightMonitor/DATA/mount/202410/mount_pointing_20241001_135
20241001231658,2024-10-01 23:16:58.594131,136,,0.92977,Empty,32.29492,-178.51913,-3.1307e-09,1.1661903789690613e-11,,,6,7,/home/estevesjh/Documents/twilightMonitor/DATA/keysighB2987A/202410/20241001_136.npy,False,/home/estevesjh/Documents/twilightMonitor/DATA/mount/202410/mount_pointing_20241001_136
20241001231712,2024-10-01 23:17:12.287571,137,12.865641577319348,13.128455,Empty,85.28126,-178.51913,-2.0818688828125e-09,5.133312116516281e-10,,,0,7,/home/estevesjh/Documents/twilightMonitor/DATA/keysighB2987A/202410/20241001_137.npy,True,/home/estevesjh/Documents/twilightMonitor/DATA/mount/202410/mount_pointing_20241001_137
20241001231718,2024-10-01 23:17:18.282020,138,,0.929289,Empty,77.29607,-178.51913,-1.531443e-09,1.6374128984468325e-12,,,1,6,/home/estevesjh/Documents/twilightMonitor/DATA/keysighB2987A/202410/20241001_138.npy,False,/home/estevesjh/Documents/twilightMonitor/DATA/mount/202410/mount_pointing_20241001_138
20241001231723,2024-10-01 23:17:23.302204,139,,0.929669,Empty,68.13473,-178.51913,-1.569072e-09,1.246385173210919e-12,,,2,6,/home/estevesjh/Documents/twilightMonitor/DATA/keysighB2987A/202410/20241001_139.npy,False,/home/estevesjh/Documents/twilightMonitor/DATA/mount/202410/mount_pointing_20241001_139
20241001231728,2024-10-01 23:17:28.429470,140,,0.930349,Empty,58.62353,-178.51913,-1.701373e-09,1.2529968076575702e-12,,,3,6,/home/estevesjh/Documents/twilightMonitor/DATA/keysighB2987A/202410/20241001_140.npy,False,/home/estevesjh/Documents/twilightMonitor/DATA/mount/202410/mount_pointing_20241001_140
20241001231733,2024-10-01 23:17:33.562558,141,,0.930097,Empty,49.09983,-178.51913,-1.9403199999999998e-09,1.4049412799117417e-12,,,4,6,/home/estevesjh/Documents/twilightMonitor/DATA/keysighB2987A/202410/20241001_141.npy,False,/home/estevesjh/Documents/twilightMonitor/DATA/mount/202410/mount_pointing_20241001_141
20241001231738,2024-10-01 23:17:38.423066,142,,0.929384,Empty,40.0498,-178.51913,-2.28467e-09,5.573697157183946e-12,,,5,6,/home/estevesjh/Documents/twilightMonitor/DATA/keysighB2987A/202410/20241001_142.npy,False,/home/estevesjh/Documents/twilightMonitor/DATA/mount/202410/mount_pointing_20241001_142
20241001231743,2024-10-01 23:17:43.281925,143,,0.929197,Empty,30.69756,-178.51913,-2.82469e-09,1.0487940693958946e-11,,,6,6,/home/estevesjh/Documents/twilightMonitor/DATA/keysighB2987A/202410/20241001_143.npy,False,/home/estevesjh/Documents/twilightMonitor/DATA/mount/202410/mount_pointing_20241001_143
20241001231757,2024-10-01 23:17:57.426482,144,13.294880766081834,13.535603,Empty,85.72574,-178.51913,-1.8080401666666667e-09,4.867880667011298e-10,,,0,6,/home/estevesjh/Documents/twilightMonitor/DATA/keysighB2987A/202410/20241001_144.npy,True,/home/estevesjh/Documents/twilightMonitor/DATA/mount/202410/mount_pointing_20241001_144
20241001231803,2024-10-01 23:18:03.332011,145,,0.930955,Empty,78.00783,-161.39745,-1.292935e-09,1.868567633242113e-12,,,1,5,/home/estevesjh/Documents/twilightMonitor/DATA/keysighB2987A/202410/20241001_145.npy,True,/home/estevesjh/Documents/twilightMonitor/DATA/mount/202410/mount_pointing_20241001_145
20241001231808,2024-10-01 23:18:08.436700,146,,0.929743,Empty,68.68716,-140.94732,-1.308734e-09,1.0310111541588671e-12,,,2,5,/home/estevesjh/Documents/twilightMonitor/DATA/keysighB2987A/202410/20241001_146.npy,True,/home/estevesjh/Documents/twilightMonitor/DATA/mount/202410/mount_pointing_20241001_146
20241001231813,2024-10-01 23:18:13.564854,147,,0.930338,Empty,59.08333,-120.0063,-1.4055579999999996e-09,9.527937867135825e-13,,,3,5,/home/estevesjh/Documents/twilightMonitor/DATA/keysighB2987A/202410/20241001_147.npy,True,/home/estevesjh/Documents/twilightMonitor/DATA/mount/202410/mount_pointing_20241001_147
20241001231818,2024-10-01 23:18:18.700482,148,,0.929214,Empty,49.50039,-99.54893,-1.6391499999999999e-09,7.584600187221488e-12,,,4,5,/home/estevesjh/Documents/twilightMonitor/DATA/keysighB2987A/202410/20241001_148.npy,True,/home/estevesjh/Documents/twilightMonitor/DATA/mount/202410/mount_pointing_20241001_148
20241001231823,2024-10-01 23:18:23.562794,149,,0.929632,Empty,40.38846,-79.11696,-2.28625e-09,4.1800221291280207e-11,,,5,5,/home/estevesjh/Documents/twilightMonitor/DATA/keysighB2987A/202410/20241001_149.npy,True,/home/estevesjh/Documents/twilightMonitor/DATA/mount/202410/mount_pointing_20241001_149
20241001232201,2024-10-01 23:22:01.721517,150,,0.929148,Empty,79.37274,0.0,-7.0039e-10,6.317119596778184e-13,,,1,1,/home/estevesjh/Documents/twilightMonitor/DATA/keysighB2987A/202410/20241001_150.npy,False,/home/estevesjh/Documents/twilightMonitor/DATA/mount/202410/mount_pointing_20241001_150
20241001232206,2024-10-01 23:22:06.851466,151,,0.929159,Empty,70.62813,0.0,-8.621439999999999e-10,6.843420197532881e-13,,,2,1,/home/estevesjh/Documents/twilightMonitor/DATA/keysighB2987A/202410/20241001_151.npy,False,/home/estevesjh/Documents/twilightMonitor/DATA/mount/202410/mount_pointing_20241001_151
20241001232212,2024-10-01 23:22:12.004919,152,,0.928977,Empty,61.4735,0.0,-1.0924910000000001e-09,9.803310665279951e-13,,,3,1,/home/estevesjh/Documents/twilightMonitor/DATA/keysighB2987A/202410/20241001_152.npy,False,/home/estevesjh/Documents/twilightMonitor/DATA/mount/202410/mount_pointing_20241001_152
20241001232217,2024-10-01 23:22:17.145010,153,,0.9291689999999999,Empty,52.66317,0.0,-1.501418e-09,1.819465855684019e-12,,,4,1,/home/estevesjh/Documents/twilightMonitor/DATA/keysighB2987A/202410/20241001_153.npy,False,/home/estevesjh/Documents/twilightMonitor/DATA/mount/202410/mount_pointing_20241001_153
20241001232222,2024-10-01 23:22:22.017140,154,,0.929801,Empty,43.74,0.0,-2.3352700000000004e-09,1.887887973371307e-11,,,5,1,/home/estevesjh/Documents/twilightMonitor/DATA/keysighB2987A/202410/20241001_154.npy,False,/home/estevesjh/Documents/twilightMonitor/DATA/mount/202410/mount_pointing_20241001_154
20241001232226,2024-10-01 23:22:26.897206,155,,0.925528,Empty,34.48413,0.0,-3.8718899999999995e-09,3.601484277350113e-11,,,6,1,/home/estevesjh/Documents/twilightMonitor/DATA/keysighB2987A/202410/20241001_155.npy,False,/home/estevesjh/Documents/twilightMonitor/DATA/mount/202410/mount_pointing_20241001_155
20241001232240,2024-10-01 23:22:40.746594,156,12.954572986095291,13.270533,Empty,85.34569,0.0,-1.542415015503876e-09,1.0365101518898542e-09,,,0,1,/home/estevesjh/Documents/twilightMonitor/DATA/keysighB2987A/202410/20241001_156.npy,True,/home/estevesjh/Documents/twilightMonitor/DATA/mount/202410/mount_pointing_20241001_156
20241001232254,2024-10-01 23:22:54.207084,157,,0.929863,Empty,81.73203,-29.5215,-5.5052e-10,8.351890803883876e-12,,,1,2,/home/estevesjh/Documents/twilightMonitor/DATA/keysighB2987A/202410/20241001_157.npy,False,/home/estevesjh/Documents/twilightMonitor/DATA/mount/202410/mount_pointing_20241001_157
20241001232259,2024-10-01 23:22:59.316303,158,,0.929317,Empty,72.46122,-29.5215,-6.39108e-10,4.528973393606988e-13,,,2,2,/home/estevesjh/Documents/twilightMonitor/DATA/keysighB2987A/202410/20241001_158.npy,False,/home/estevesjh/Documents/twilightMonitor/DATA/mount/202410/mount_pointing_20241001_158
20241001232304,2024-10-01 23:23:04.469459,159,,0.92982,Empty,63.07833,-29.5215,-7.789459999999998e-10,6.08148008300604e-13,,,3,2,/home/estevesjh/Documents/twilightMonitor/DATA/keysighB2987A/202410/20241001_159.npy,False,/home/estevesjh/Documents/twilightMonitor/DATA/mount/202410/mount_pointing_20241001_159
20241001232309,2024-10-01 23:23:09.611720,160,,0.929944,Empty,54.16019,-29.5215,-1.0008289999999998e-09,9.774093308332863e-13,,,4,2,/home/estevesjh/Documents/twilightMonitor/DATA/keysighB2987A/202410/20241001_160.npy,False,/home/estevesjh/Documents/twilightMonitor/DATA/mount/202410/mount_pointing_20241001_160
20241001232314,2024-10-01 23:23:14.754967,161,,0.929855,Empty,44.93162,-29.5215,-1.4175670000000002e-09,2.714553554454189e-12,,,5,2,/home/estevesjh/Documents/twilightMonitor/DATA/keysighB2987A/202410/20241001_161.npy,False,/home/estevesjh/Documents/twilightMonitor/DATA/mount/202410/mount_pointing_20241001_161
20241001232319,2024-10-01 23:23:19.623964,162,,0.929489,Empty,35.70578,-29.5215,-2.19604e-09,1.5115038868623505e-11,,,6,2,/home/estevesjh/Documents/twilightMonitor/DATA/keysighB2987A/202410/20241001_162.npy,False,/home/estevesjh/Documents/twilightMonitor/DATA/mount/202410/mount_pointing_20241001_162
20241001232332,2024-10-01 23:23:32.825781,163,12.310925414474532,12.63817,Empty,84.18121,-29.5215,-1.013721951219512e-09,5.441953097178514e-10,,,0,2,/home/estevesjh/Documents/twilightMonitor/DATA/keysighB2987A/202410/20241001_163.npy,True,/home/estevesjh/Documents/twilightMonitor/DATA/mount/202410/mount_pointing_20241001_163
20241001232346,2024-10-01 23:23:46.278649,164,,0.929534,Empty,80.86024,-59.47092,-4.4327500000000005e-10,3.209750769140811e-13,,,1,3,/home/estevesjh/Documents/twilightMonitor/DATA/keysighB2987A/202410/20241001_164.npy,False,/home/estevesjh/Documents/twilightMonitor/DATA/mount/202410/mount_pointing_20241001_164
20241001232351,2024-10-01 23:23:51.391850,165,,0.9299790000000001,Empty,71.90482,-59.47092,-4.796929999999999e-10,3.6116616674324693e-13,,,2,3,/home/estevesjh/Documents/twilightMonitor/DATA/keysighB2987A/202410/20241001_165.npy,False,/home/estevesjh/Documents/twilightMonitor/DATA/mount/202410/mount_pointing_20241001_165
20241001232356,2024-10-01 23:23:56.522243,166,,0.9291609999999999,Empty,62.51447,-59.47092,-5.430710000000001e-10,3.743380824869481e-13,,,3,3,/home/estevesjh/Documents/twilightMonitor/DATA/keysighB2987A/202410/20241001_166.npy,False,/home/estevesjh/Documents/twilightMonitor/DATA/mount/202410/mount_pointing_20241001_166
20241001232401,2024-10-01 23:24:01.661135,167,,0.9291579999999999,Empty,53.20767,-59.47092,-6.440500000000001e-10,4.878934309867264e-13,,,4,3,/home/estevesjh/Documents/twilightMonitor/DATA/keysighB2987A/202410/20241001_167.npy,False,/home/estevesjh/Documents/twilightMonitor/DATA/mount/202410/mount_pointing_20241001_167
20241001232406,2024-10-01 23:24:06.803421,168,,0.929944,Empty,44.35799,-59.47092,-8.0324e-10,6.624801883830253e-13,,,5,3,/home/estevesjh/Documents/twilightMonitor/DATA/keysighB2987A/202410/20241001_168.npy,False,/home/estevesjh/Documents/twilightMonitor/DATA/mount/202410/mount_pointing_20241001_168
20241001232411,2024-10-01 23:24:11.961980,169,,0.9296179999999999,Empty,35.05318,-59.47092,-1.0674269999999998e-09,1.3326068437464834e-12,,,6,3,/home/estevesjh/Documents/twilightMonitor/DATA/keysighB2987A/202410/20241001_169.npy,False,/home/estevesjh/Documents/twilightMonitor/DATA/mount/202410/mount_pointing_20241001_169
20241001232425,2024-10-01 23:24:25.195152,170,12.490666266942386,12.683705,Empty,81.11023,-59.47092,-6.221739032258065e-10,2.1821043333193303e-10,,,0,3,/home/estevesjh/Documents/twilightMonitor/DATA/keysighB2987A/202410/20241001_170.npy,True,/home/estevesjh/Documents/twilightMonitor/DATA/mount/202410/mount_pointing_20241001_170
20241001232438,2024-10-01 23:24:38.855863,171,,0.9293250000000001,Empty,79.40865,-88.90032,-3.581312e-10,3.7299002667631667e-13,,,1,4,/home/estevesjh/Documents/twilightMonitor/DATA/keysighB2987A/202410/20241001_171.npy,False,/home/estevesjh/Documents/twilightMonitor/DATA/mount/202410/mount_pointing_20241001_171
20241001232444,2024-10-01 23:24:44.161385,172,,0.929494,Empty,69.96363,-88.90032,-3.698162e-10,3.496143017669569e-13,,,2,4,/home/estevesjh/Documents/twilightMonitor/DATA/keysighB2987A/202410/20241001_172.npy,False,/home/estevesjh/Documents/twilightMonitor/DATA/mount/202410/mount_pointing_20241001_172
20241001232449,2024-10-01 23:24:49.311649,173,,0.929261,Empty,60.94852,-88.90032,-3.9382700000000005e-10,3.0199503307174467e-13,,,3,4,/home/estevesjh/Documents/twilightMonitor/DATA/keysighB2987A/202410/20241001_173.npy,False,/home/estevesjh/Documents/twilightMonitor/DATA/mount/202410/mount_pointing_20241001_173
20241001232454,2024-10-01 23:24:54.452726,174,,0.929708,Empty,51.55328,-88.90032,-4.37818e-10,5.408659723073751e-13,,,4,4,/home/estevesjh/Documents/twilightMonitor/DATA/keysighB2987A/202410/20241001_174.npy,False,/home/estevesjh/Documents/twilightMonitor/DATA/mount/202410/mount_pointing_20241001_174
20241001232459,2024-10-01 23:24:59.589131,175,,0.9297449999999999,Empty,42.63636,-88.90032,-5.06803e-10,3.543458762283077e-13,,,5,4,/home/estevesjh/Documents/twilightMonitor/DATA/keysighB2987A/202410/20241001_175.npy,False,/home/estevesjh/Documents/twilightMonitor/DATA/mount/202410/mount_pointing_20241001_175
20241001232504,2024-10-01 23:25:04.749134,176,,0.9316260000000001,Empty,33.28252,-88.90032,-6.24737e-10,5.729232060232862e-13,,,6,4,/home/estevesjh/Documents/twilightMonitor/DATA/keysighB2987A/202410/20241001_176.npy,False,/home/estevesjh/Documents/twilightMonitor/DATA/mount/202410/mount_pointing_20241001_176
20241001232518,2024-10-01 23:25:18.512806,177,12.938068566151712,13.213076,Empty,85.1175,-88.90032,-4.162576666666666e-10,9.982877045837024e-11,,,0,4,/home/estevesjh/Documents/twilightMonitor/DATA/keysighB2987A/202410/20241001_177.npy,True,/home/estevesjh/Documents/twilightMonitor/DATA/mount/202410/mount_pointing_20241001_177
20241001232532,2024-10-01 23:25:32.071723,178,,0.9293429999999999,Empty,80.2684,-118.43905,-2.9175989999999995e-10,3.185258074316794e-13,,,1,5,/home/estevesjh/Documents/twilightMonitor/DATA/keysighB2987A/202410/20241001_178.npy,False,/home/estevesjh/Documents/twilightMonitor/DATA/mount/202410/mount_pointing_20241001_178
20241001232537,2024-10-01 23:25:37.366696,179,,0.929115,Empty,71.12917,-118.43905,-2.9214479999999996e-10,3.1392795351800216e-13,,,2,5,/home/estevesjh/Documents/twilightMonitor/DATA/keysighB2987A/202410/20241001_179.npy,False,/home/estevesjh/Documents/twilightMonitor/DATA/mount/202410/mount_pointing_20241001_179
20241001232542,2024-10-01 23:25:42.707697,180,,0.929445,Empty,61.75162,-118.43905,-3.071187e-10,2.903746028839348e-13,,,3,5,/home/estevesjh/Documents/twilightMonitor/DATA/keysighB2987A/202410/20241001_180.npy,False,/home/estevesjh/Documents/twilightMonitor/DATA/mount/202410/mount_pointing_20241001_180
20241001232548,2024-10-01 23:25:48.046169,181,,0.9292579999999999,Empty,52.40777,-118.43905,-3.3712789999999995e-10,3.171168396663906e-13,,,4,5,/home/estevesjh/Documents/twilightMonitor/DATA/keysighB2987A/202410/20241001_181.npy,False,/home/estevesjh/Documents/twilightMonitor/DATA/mount/202410/mount_pointing_20241001_181
20241001232553,2024-10-01 23:25:53.208981,182,,0.929226,Empty,43.5555,-118.43905,-3.85039e-10,2.8766125912261195e-13,,,5,5,/home/estevesjh/Documents/twilightMonitor/DATA/keysighB2987A/202410/20241001_182.npy,False,/home/estevesjh/Documents/twilightMonitor/DATA/mount/202410/mount_pointing_20241001_182
20241001232558,2024-10-01 23:25:58.354098,183,,0.929173,Empty,34.05299,-118.43905,-4.632529999999999e-10,3.913834436968415e-13,,,6,5,/home/estevesjh/Documents/twilightMonitor/DATA/keysighB2987A/202410/20241001_183.npy,False,/home/estevesjh/Documents/twilightMonitor/DATA/mount/202410/mount_pointing_20241001_183
20241001232611,2024-10-01 23:26:11.681322,184,12.563456611673491,12.78375,Empty,82.9944,-118.43905,-3.242118e-10,6.740094704450376e-11,,,0,5,/home/estevesjh/Documents/twilightMonitor/DATA/keysighB2987A/202410/20241001_184.npy,True,/home/estevesjh/Documents/twilightMonitor/DATA/mount/202410/mount_pointing_20241001_184
20241001232625,2024-10-01 23:26:25.344420,185,,0.929868,Empty,78.81246,-147.79458,-2.42484e-10,2.520107140579595e-13,,,1,6,/home/estevesjh/Documents/twilightMonitor/DATA/keysighB2987A/202410/20241001_185.npy,False,/home/estevesjh/Documents/twilightMonitor/DATA/mount/202410/mount_pointing_20241001_185
20241001232630,2024-10-01 23:26:30.683210,186,,0.9360649999999999,Empty,69.73651,-147.79458,-2.454049e-10,2.3423981301222116e-13,,,2,6,/home/estevesjh/Documents/twilightMonitor/DATA/keysighB2987A/202410/20241001_186.npy,False,/home/estevesjh/Documents/twilightMonitor/DATA/mount/202410/mount_pointing_20241001_186
20241001232636,2024-10-01 23:26:36.024744,187,,0.929999,Empty,60.34852,-147.79458,-2.6278779999999995e-10,2.7028385079394217e-13,,,3,6,/home/estevesjh/Documents/twilightMonitor/DATA/keysighB2987A/202410/20241001_187.npy,False,/home/estevesjh/Documents/twilightMonitor/DATA/mount/202410/mount_pointing_20241001_187
20241001232641,2024-10-01 23:26:41.376077,188,,0.94901,Empty,50.92149,-147.79458,-2.962643e-10,2.9139665406452505e-13,,,4,6,/home/estevesjh/Documents/twilightMonitor/DATA/keysighB2987A/202410/20241001_188.npy,False,/home/estevesjh/Documents/twilightMonitor/DATA/mount/202410/mount_pointing_20241001_188
20241001232646,2024-10-01 23:26:46.746114,189,,0.929492,Empty,41.58449,-147.79458,-3.484884e-10,3.186082861446012e-13,,,5,6,/home/estevesjh/Documents/twilightMonitor/DATA/keysighB2987A/202410/20241001_189.npy,False,/home/estevesjh/Documents/twilightMonitor/DATA/mount/202410/mount_pointing_20241001_189
20241001232651,2024-10-01 23:26:51.886928,190,,0.929864,Empty,32.30369,-147.79458,-4.2479000000000004e-10,3.7910420730980943e-13,,,6,6,/home/estevesjh/Documents/twilightMonitor/DATA/keysighB2987A/202410/20241001_190.npy,False,/home/estevesjh/Documents/twilightMonitor/DATA/mount/202410/mount_pointing_20241001_190
20241001232705,2024-10-01 23:27:05.543171,191,12.875705118523966,13.1064,Empty,83.6207,-147.79458,-2.828320390625e-10,6.950102754977826e-11,,,0,6,/home/estevesjh/Documents/twilightMonitor/DATA/keysighB2987A/202410/20241001_191.npy,True,/home/estevesjh/Documents/twilightMonitor/DATA/mount/202410/mount_pointing_20241001_191
20241001232719,2024-10-01 23:27:19.214907,192,,0.935425,Empty,78.68636,-177.27049,-2.05575e-10,3.724491911657182e-13,,,1,7,/home/estevesjh/Documents/twilightMonitor/DATA/keysighB2987A/202410/20241001_192.npy,False,/home/estevesjh/Documents/twilightMonitor/DATA/mount/202410/mount_pointing_20241001_192
20241001232724,2024-10-01 23:27:24.489284,193,,0.908395,Empty,69.27824,-177.27049,-2.1036239999999997e-10,1.889053731369216e-13,,,2,7,/home/estevesjh/Documents/twilightMonitor/DATA/keysighB2987A/202410/20241001_193.npy,False,/home/estevesjh/Documents/twilightMonitor/DATA/mount/202410/mount_pointing_20241001_193
20241001232729,2024-10-01 23:27:29.833639,194,,0.930041,Empty,59.93286,-177.27049,-2.2817470000000002e-10,2.548933306306827e-13,,,3,7,/home/estevesjh/Documents/twilightMonitor/DATA/keysighB2987A/202410/20241001_194.npy,False,/home/estevesjh/Documents/twilightMonitor/DATA/mount/202410/mount_pointing_20241001_194
20241001232735,2024-10-01 23:27:35.182149,195,,0.929564,Empty,50.68248,-177.27049,-2.595536e-10,2.7412668604132977e-13,,,4,7,/home/estevesjh/Documents/twilightMonitor/DATA/keysighB2987A/202410/20241001_195.npy,False,/home/estevesjh/Documents/twilightMonitor/DATA/mount/202410/mount_pointing_20241001_195
20241001232740,2024-10-01 23:27:40.516422,196,,0.9298259999999999,Empty,41.37034,-177.27049,-3.063262e-10,2.5727098553859057e-13,,,5,7,/home/estevesjh/Documents/twilightMonitor/DATA/keysighB2987A/202410/20241001_196.npy,False,/home/estevesjh/Documents/twilightMonitor/DATA/mount/202410/mount_pointing_20241001_196
20241001232745,2024-10-01 23:27:45.873621,197,,0.929712,Empty,32.59104,-177.27049,-3.6935210000000007e-10,3.7098502665202486e-13,,,6,7,/home/estevesjh/Documents/twilightMonitor/DATA/keysighB2987A/202410/20241001_197.npy,False,/home/estevesjh/Documents/twilightMonitor/DATA/mount/202410/mount_pointing_20241001_197
20241001232800,2024-10-01 23:28:00.684630,198,12.873611022584782,14.282254,Empty,88.68472,-177.27049,-2.4055463671875003e-10,6.144636015243534e-11,,,0,7,/home/estevesjh/Documents/twilightMonitor/DATA/keysighB2987A/202410/20241001_198.npy,True,/home/estevesjh/Documents/twilightMonitor/DATA/mount/202410/mount_pointing_20241001_198
20241001232812,2024-10-01 23:28:12.776560,199,,0.929641,Empty,84.53092,-178.54756,-1.748867e-10,1.713412092872027e-13,,,1,7,/home/estevesjh/Documents/twilightMonitor/DATA/keysighB2987A/202410/20241001_199.npy,False,/home/estevesjh/Documents/twilightMonitor/DATA/mount/202410/mount_pointing_20241001_199
20241001232818,2024-10-01 23:28:18.071372,200,,0.929363,Empty,75.50011,-178.54756,-1.710278e-10,1.1769180090389074e-13,,,2,7,/home/estevesjh/Documents/twilightMonitor/DATA/keysighB2987A/202410/20241001_200.npy,False,/home/estevesjh/Documents/twilightMonitor/DATA/mount/202410/mount_pointing_20241001_200
20241001232823,2024-10-01 23:28:23.398591,201,,0.929181,Empty,66.09709,-178.54756,-1.7820530000000002e-10,1.711029222427256e-13,,,3,7,/home/estevesjh/Documents/twilightMonitor/DATA/keysighB2987A/202410/20241001_201.npy,False,/home/estevesjh/Documents/twilightMonitor/DATA/mount/202410/mount_pointing_20241001_201
20241001232828,2024-10-01 23:28:28.732166,202,,0.929284,Empty,57.10493,-178.54756,-1.9497459999999997e-10,1.9625860490689142e-13,,,4,7,/home/estevesjh/Documents/twilightMonitor/DATA/keysighB2987A/202410/20241001_202.npy,False,/home/estevesjh/Documents/twilightMonitor/DATA/mount/202410/mount_pointing_20241001_202
20241001232834,2024-10-01 23:28:34.079887,203,,0.9292509999999999,Empty,47.85843,-178.54756,-2.2334900000000003e-10,2.1650404153272013e-13,,,5,7,/home/estevesjh/Documents/twilightMonitor/DATA/keysighB2987A/202410/20241001_203.npy,False,/home/estevesjh/Documents/twilightMonitor/DATA/mount/202410/mount_pointing_20241001_203
20241001232839,2024-10-01 23:28:39.454315,204,,0.929315,Empty,38.59448,-178.54756,-2.650591e-10,2.762652529725732e-13,,,6,7,/home/estevesjh/Documents/twilightMonitor/DATA/keysighB2987A/202410/20241001_204.npy,False,/home/estevesjh/Documents/twilightMonitor/DATA/mount/202410/mount_pointing_20241001_204
20241001232853,2024-10-01 23:28:53.064604,205,11.672993251756527,13.020879,Empty,87.87522,-178.54756,-1.8757548620689657e-10,3.842278819768222e-11,,,0,7,/home/estevesjh/Documents/twilightMonitor/DATA/keysighB2987A/202410/20241001_205.npy,True,/home/estevesjh/Documents/twilightMonitor/DATA/mount/202410/mount_pointing_20241001_205
20241001232906,2024-10-01 23:29:06.726171,206,,0.929654,Empty,85.32403,-149.48914,-1.4797530000000002e-10,1.4948314286233058e-13,,,1,6,/home/estevesjh/Documents/twilightMonitor/DATA/keysighB2987A/202410/20241001_206.npy,False,/home/estevesjh/Documents/twilightMonitor/DATA/mount/202410/mount_pointing_20241001_206
20241001232912,2024-10-01 23:29:12.023308,207,,0.929465,Empty,76.20539,-149.48914,-1.437101e-10,1.3150471474437278e-13,,,2,6,/home/estevesjh/Documents/twilightMonitor/DATA/keysighB2987A/202410/20241001_207.npy,False,/home/estevesjh/Documents/twilightMonitor/DATA/mount/202410/mount_pointing_20241001_207
20241001232917,2024-10-01 23:29:17.363011,208,,0.930068,Empty,66.82258,-149.48914,-1.482136e-10,1.4396332866393637e-13,,,3,6,/home/estevesjh/Documents/twilightMonitor/DATA/keysighB2987A/202410/20241001_208.npy,False,/home/estevesjh/Documents/twilightMonitor/DATA/mount/202410/mount_pointing_20241001_208
20241001232922,2024-10-01 23:29:22.727776,209,,0.930101,Empty,57.46516,-149.48914,-1.608238e-10,1.5895018087438162e-13,,,4,6,/home/estevesjh/Documents/twilightMonitor/DATA/keysighB2987A/202410/20241001_209.npy,False,/home/estevesjh/Documents/twilightMonitor/DATA/mount/202410/mount_pointing_20241001_209
20241001232928,2024-10-01 23:29:28.079394,210,,0.929854,Empty,48.18771,-149.48914,-1.8262999999999997e-10,1.9378544837010364e-13,,,5,6,/home/estevesjh/Documents/twilightMonitor/DATA/keysighB2987A/202410/20241001_210.npy,False,/home/estevesjh/Documents/twilightMonitor/DATA/mount/202410/mount_pointing_20241001_210
20241001232933,2024-10-01 23:29:33.439963,211,,0.9485910000000001,Empty,38.97994,-149.48914,-2.152846e-10,2.0616265423204213e-13,,,6,6,/home/estevesjh/Documents/twilightMonitor/DATA/keysighB2987A/202410/20241001_211.npy,False,/home/estevesjh/Documents/twilightMonitor/DATA/mount/202410/mount_pointing_20241001_211
20241001232946,2024-10-01 23:29:46.905230,212,11.51076080399363,12.938785000000001,Empty,87.56478,-149.48914,-1.5266080695652173e-10,2.7962527356914868e-11,,,0,6,/home/estevesjh/Documents/twilightMonitor/DATA/keysighB2987A/202410/20241001_212.npy,True,/home/estevesjh/Documents/twilightMonitor/DATA/mount/202410/mount_pointing_20241001_212
20241001233000,2024-10-01 23:30:00.567843,213,,0.929921,Empty,84.19875,-120.88129,-1.257588e-10,1.0558958281951976e-13,,,1,5,/home/estevesjh/Documents/twilightMonitor/DATA/keysighB2987A/202410/20241001_213.npy,False,/home/estevesjh/Documents/twilightMonitor/DATA/mount/202410/mount_pointing_20241001_213
20241001233005,2024-10-01 23:30:05.875180,214,,0.929958,Empty,75.03009,-120.88129,-1.2352099999999999e-10,1.5241915890070794e-13,,,2,5,/home/estevesjh/Documents/twilightMonitor/DATA/keysighB2987A/202410/20241001_214.npy,False,/home/estevesjh/Documents/twilightMonitor/DATA/mount/202410/mount_pointing_20241001_214
20241001233011,2024-10-01 23:30:11.225454,215,,0.930012,Empty,65.71422,-120.88129,-1.2699380000000001e-10,1.309922135090462e-13,,,3,5,/home/estevesjh/Documents/twilightMonitor/DATA/keysighB2987A/202410/20241001_215.npy,False,/home/estevesjh/Documents/twilightMonitor/DATA/mount/202410/mount_pointing_20241001_215
20241001233016,2024-10-01 23:30:16.580653,216,,0.9493699999999999,Empty,56.3205,-120.88129,-1.359675e-10,1.4458232948738985e-13,,,4,5,/home/estevesjh/Documents/twilightMonitor/DATA/keysighB2987A/202410/20241001_216.npy,False,/home/estevesjh/Documents/twilightMonitor/DATA/mount/202410/mount_pointing_20241001_216
20241001233021,2024-10-01 23:30:21.954510,217,,0.929646,Empty,47.00227,-120.88129,-1.522253e-10,1.4205988174006373e-13,,,5,5,/home/estevesjh/Documents/twilightMonitor/DATA/keysighB2987A/202410/20241001_217.npy,False,/home/estevesjh/Documents/twilightMonitor/DATA/mount/202410/mount_pointing_20241001_217
20241001233027,2024-10-01 23:30:27.290291,218,,0.929682,Empty,37.72002,-120.88129,-1.779023e-10,1.5595451259903025e-13,,,6,5,/home/estevesjh/Documents/twilightMonitor/DATA/keysighB2987A/202410/20241001_218.npy,False,/home/estevesjh/Documents/twilightMonitor/DATA/mount/202410/mount_pointing_20241001_218
20241001233040,2024-10-01 23:30:40.935131,219,11.736995268219074,11.972936,Empty,87.04223,-120.88129,-1.2741365897435895e-10,1.8325942722459437e-11,,,0,5,/home/estevesjh/Documents/twilightMonitor/DATA/keysighB2987A/202410/20241001_219.npy,True,/home/estevesjh/Documents/twilightMonitor/DATA/mount/202410/mount_pointing_20241001_219
20241001233054,2024-10-01 23:30:54.632768,220,,0.9310590000000001,Empty,83.84203,-92.24829,-1.0897219999999999e-10,1.240683682491236e-13,,,1,4,/home/estevesjh/Documents/twilightMonitor/DATA/keysighB2987A/202410/20241001_220.npy,False,/home/estevesjh/Documents/twilightMonitor/DATA/mount/202410/mount_pointing_20241001_220
20241001233059,2024-10-01 23:30:59.940631,221,,0.929452,Empty,74.79741,-92.24829,-1.090947e-10,1.0254077237859961e-13,,,2,4,/home/estevesjh/Documents/twilightMonitor/DATA/keysighB2987A/202410/20241001_221.npy,False,/home/estevesjh/Documents/twilightMonitor/DATA/mount/202410/mount_pointing_20241001_221
20241001233105,2024-10-01 23:31:05.272616,222,,0.9294920000000001,Empty,65.59445,-92.24829,-1.13262e-10,1.5684578413205588e-13,,,3,4,/home/estevesjh/Documents/twilightMonitor/DATA/keysighB2987A/202410/20241001_222.npy,False,/home/estevesjh/Documents/twilightMonitor/DATA/mount/202410/mount_pointing_20241001_222
20241001233110,2024-10-01 23:31:10.623508,223,,0.929889,Empty,56.29352,-92.24829,-1.215878e-10,1.1776485044358504e-13,,,4,4,/home/estevesjh/Documents/twilightMonitor/DATA/keysighB2987A/202410/20241001_223.npy,False,/home/estevesjh/Documents/twilightMonitor/DATA/mount/202410/mount_pointing_20241001_223
20241001233115,2024-10-01 23:31:15.957750,224,,0.9292560000000001,Empty,47.35937,-92.24829,-1.3577669999999998e-10,1.0764576164438936e-13,,,5,4,/home/estevesjh/Documents/twilightMonitor/DATA/keysighB2987A/202410/20241001_224.npy,False,/home/estevesjh/Documents/twilightMonitor/DATA/mount/202410/mount_pointing_20241001_224
20241001233121,2024-10-01 23:31:21.300954,225,,0.9294,Empty,38.16159,-92.24829,-1.594693e-10,1.5518314985848366e-13,,,6,4,/home/estevesjh/Documents/twilightMonitor/DATA/keysighB2987A/202410/20241001_225.npy,False,/home/estevesjh/Documents/twilightMonitor/DATA/mount/202410/mount_pointing_20241001_225
20241001233134,2024-10-01 23:31:34.944946,226,11.793978483272017,11.973121,Empty,86.96012,-92.24829,-1.1315778803418805e-10,1.7055529872251863e-11,,,0,4,/home/estevesjh/Documents/twilightMonitor/DATA/keysighB2987A/202410/20241001_226.npy,True,/home/estevesjh/Documents/twilightMonitor/DATA/mount/202410/mount_pointing_20241001_226
20241001233148,2024-10-01 23:31:48.601292,227,,0.92976,Empty,83.79071,-63.64791,-9.59884e-11,9.702391457780004e-14,,,1,3,/home/estevesjh/Documents/twilightMonitor/DATA/keysighB2987A/202410/20241001_227.npy,False,/home/estevesjh/Documents/twilightMonitor/DATA/mount/202410/mount_pointing_20241001_227
20241001233153,2024-10-01 23:31:53.898948,228,,0.929639,Empty,74.45982,-63.64791,-1.0068309999999999e-10,1.1868989004965896e-13,,,2,3,/home/estevesjh/Documents/twilightMonitor/DATA/keysighB2987A/202410/20241001_228.npy,False,/home/estevesjh/Documents/twilightMonitor/DATA/mount/202410/mount_pointing_20241001_228
20241001233159,2024-10-01 23:31:59.230860,229,,0.929726,Empty,65.5657,-63.64791,-1.085393e-10,9.919783263761491e-14,,,3,3,/home/estevesjh/Documents/twilightMonitor/DATA/keysighB2987A/202410/20241001_229.npy,False,/home/estevesjh/Documents/twilightMonitor/DATA/mount/202410/mount_pointing_20241001_229
20241001233204,2024-10-01 23:32:04.584151,230,,0.9297030000000001,Empty,56.34124,-63.64791,-1.224479e-10,1.47266730798237e-13,,,4,3,/home/estevesjh/Documents/twilightMonitor/DATA/keysighB2987A/202410/20241001_230.npy,False,/home/estevesjh/Documents/twilightMonitor/DATA/mount/202410/mount_pointing_20241001_230
20241001233209,2024-10-01 23:32:09.932188,231,,0.9311200000000001,Empty,47.14651,-63.64791,-1.460296e-10,1.4498220580471467e-13,,,5,3,/home/estevesjh/Documents/twilightMonitor/DATA/keysighB2987A/202410/20241001_231.npy,False,/home/estevesjh/Documents/twilightMonitor/DATA/mount/202410/mount_pointing_20241001_231
20241001233215,2024-10-01 23:32:15.292685,232,,0.932243,Empty,38.05028,-63.64791,-1.834555e-10,1.504361991011456e-13,,,6,3,/home/estevesjh/Documents/twilightMonitor/DATA/keysighB2987A/202410/20241001_232.npy,False,/home/estevesjh/Documents/twilightMonitor/DATA/mount/202410/mount_pointing_20241001_232
20241001233229,2024-10-01 23:32:29.060313,233,11.875469429947678,12.073932,Empty,86.97804,-63.64791,-1.1248522457627119e-10,2.677323286200938e-11,,,0,3,/home/estevesjh/Documents/twilightMonitor/DATA/keysighB2987A/202410/20241001_233.npy,True,/home/estevesjh/Documents/twilightMonitor/DATA/mount/202410/mount_pointing_20241001_233
20241001233242,2024-10-01 23:32:42.715266,234,,0.9295640000000001,Empty,84.28253,-34.96191,-8.47999e-11,6.662499530956971e-14,,,1,2,/home/estevesjh/Documents/twilightMonitor/DATA/keysighB2987A/202410/20241001_234.npy,False,/home/estevesjh/Documents/twilightMonitor/DATA/mount/202410/mount_pointing_20241001_234
20241001233248,2024-10-01 23:32:48.011171,235,,0.929671,Empty,74.94158,-34.96191,-9.49928e-11,1.3020046082867847e-13,,,2,2,/home/estevesjh/Documents/twilightMonitor/DATA/keysighB2987A/202410/20241001_235.npy,False,/home/estevesjh/Documents/twilightMonitor/DATA/mount/202410/mount_pointing_20241001_235
20241001233253,2024-10-01 23:32:53.352779,236,,0.930841,Empty,66.2145,-34.96191,-1.0856989999999997e-10,1.6559978864720765e-13,,,3,2,/home/estevesjh/Documents/twilightMonitor/DATA/keysighB2987A/202410/20241001_236.npy,False,/home/estevesjh/Documents/twilightMonitor/DATA/mount/202410/mount_pointing_20241001_236
20241001233258,2024-10-01 23:32:58.711848,237,,0.929713,Empty,57.02556,-34.96191,-1.28791e-10,1.427711455441907e-13,,,4,2,/home/estevesjh/Documents/twilightMonitor/DATA/keysighB2987A/202410/20241001_237.npy,False,/home/estevesjh/Documents/twilightMonitor/DATA/mount/202410/mount_pointing_20241001_237
20241001233303,2024-10-01 23:33:03.999587,238,,0.9299229999999999,Empty,47.74468,-34.96191,-1.669599e-10,1.7809517118664526e-13,,,5,2,/home/estevesjh/Documents/twilightMonitor/DATA/keysighB2987A/202410/20241001_238.npy,False,/home/estevesjh/Documents/twilightMonitor/DATA/mount/202410/mount_pointing_20241001_238
20241001233309,2024-10-01 23:33:09.349109,239,,0.929589,Empty,38.99054,-34.96191,-2.3054410000000003e-10,2.394979958162488e-13,,,6,2,/home/estevesjh/Documents/twilightMonitor/DATA/keysighB2987A/202410/20241001_239.npy,False,/home/estevesjh/Documents/twilightMonitor/DATA/mount/202410/mount_pointing_20241001_239
20241001233323,2024-10-01 23:33:23.121044,240,11.89539041010319,13.244088000000001,Empty,88.1737,-34.96191,-1.2035161101694915e-10,4.8242716416721395e-11,,,0,2,/home/estevesjh/Documents/twilightMonitor/DATA/keysighB2987A/202410/20241001_240.npy,True,/home/estevesjh/Documents/twilightMonitor/DATA/mount/202410/mount_pointing_20241001_240
20241001233336,2024-10-01 23:33:36.790251,241,,0.9295220000000001,Empty,85.55649,-6.34278,-7.39503e-11,6.908842160593739e-14,,,1,1,/home/estevesjh/Documents/twilightMonitor/DATA/keysighB2987A/202410/20241001_241.npy,False,/home/estevesjh/Documents/twilightMonitor/DATA/mount/202410/mount_pointing_20241001_241
20241001233342,2024-10-01 23:33:42.108228,242,,0.929817,Empty,76.23177,-6.34278,-8.59514e-11,9.216962623337398e-14,,,2,1,/home/estevesjh/Documents/twilightMonitor/DATA/keysighB2987A/202410/20241001_242.npy,False,/home/estevesjh/Documents/twilightMonitor/DATA/mount/202410/mount_pointing_20241001_242
20241001233347,2024-10-01 23:33:47.442641,243,,0.929521,Empty,67.19501,-6.34278,-1.0242489999999999e-10,1.046885380545547e-13,,,3,1,/home/estevesjh/Documents/twilightMonitor/DATA/keysighB2987A/202410/20241001_243.npy,False,/home/estevesjh/Documents/twilightMonitor/DATA/mount/202410/mount_pointing_20241001_243
20241001233352,2024-10-01 23:33:52.783296,244,,0.931649,Empty,57.86191,-6.34278,-1.2470090000000002e-10,8.4418540617569e-14,,,4,1,/home/estevesjh/Documents/twilightMonitor/DATA/keysighB2987A/202410/20241001_244.npy,False,/home/estevesjh/Documents/twilightMonitor/DATA/mount/202410/mount_pointing_20241001_244
20241001233358,2024-10-01 23:33:58.112955,245,,0.931828,Empty,48.54702,-6.34278,-1.689607e-10,1.4663836469355622e-13,,,5,1,/home/estevesjh/Documents/twilightMonitor/DATA/keysighB2987A/202410/20241001_245.npy,False,/home/estevesjh/Documents/twilightMonitor/DATA/mount/202410/mount_pointing_20241001_245
20241001233403,2024-10-01 23:34:03.445855,246,,0.9323889999999999,Empty,39.63575,-6.34278,-2.4735479999999996e-10,2.3818387854764337e-13,,,6,1,/home/estevesjh/Documents/twilightMonitor/DATA/keysighB2987A/202410/20241001_246.npy,False,/home/estevesjh/Documents/twilightMonitor/DATA/mount/202410/mount_pointing_20241001_246
20241001233416,2024-10-01 23:34:16.800326,247,11.467990906810329,12.827404999999999,Empty,88.22196,-6.34278,-1.2094265263157895e-10,5.6952627221100614e-11,,,0,1,/home/estevesjh/Documents/twilightMonitor/DATA/keysighB2987A/202410/20241001_247.npy,True,/home/estevesjh/Documents/twilightMonitor/DATA/mount/202410/mount_pointing_20241001_247